run_id,seed,i2_health,age,household_size,cantril_ladder,r1_1,r1_2,protective_behaviour_nomask_scale,week_number,state_New South Wales,state_Northern Territory,state_Queensland,state_South Australia,state_Tasmania,state_Victoria,state_Western Australia,gender_Male,i9_health_Not sure,i9_health_Yes,employment_status_Not working,employment_status_Part time employment,employment_status_Retired,employment_status_Unemployed,i11_health_Not sure,i11_health_Somewhat unwilling,i11_health_Somewhat willing,i11_health_Very unwilling,i11_health_Very willing,WCRex1_Somewhat badly,WCRex1_Somewhat well,WCRex1_Very badly,WCRex1_Very well,WCRex2_A lot of confidence,WCRex2_Don't know,WCRex2_No confidence at all,WCRex2_Not very much confidence,PHQ4_1_N/A,PHQ4_1_Nearly every day,PHQ4_1_Not at all,PHQ4_1_Prefer not to say,PHQ4_1_Several days,PHQ4_2_N/A,PHQ4_2_Nearly every day,PHQ4_2_Not at all,PHQ4_2_Prefer not to say,PHQ4_2_Several days,PHQ4_3_N/A,PHQ4_3_Nearly every day,PHQ4_3_Not at all,PHQ4_3_Prefer not to say,PHQ4_3_Several days,PHQ4_4_N/A,PHQ4_4_Nearly every day,PHQ4_4_Not at all,PHQ4_4_Prefer not to say,PHQ4_4_Several days,d1_comorbidities_No,d1_comorbidities_Prefer_not_to_say,d1_comorbidities_Yes
1,20240627,0.044459554562281164,0.06619463247311061,0.026773312573976166,0.03012791922883396,0.03239988938158472,0.03120800732077011,0.21369118878976234,0.20225874179707398,0.0020614836557182,0.0011229245947661237,0.08013931431122867,0.0019023877829765278,0.014478718740078824,0.0028855005796595166,0.07348919371380128,0.008702287406846304,0.004804719106091042,0.009272496041962024,0.005295989046382982,0.0055427525709057105,0.004970653373831171,0.004316402694454704,0.00048491940483375896,0.0009795343297507404,0.005467293196658956,0.0009717071810356085,0.025950638991181652,0.005887453764793801,0.00679130682813634,0.005028830008278304,0.005408611609023744,0.006492570643587669,0.00192786720730474,0.00360825896984608,0.004767642058489413,0.0007449417990319737,0.0029092822521035386,0.003756260128744655,0.00030189303089861257,0.0047170762311663835,0.0009243187408276641,0.0025272914844348526,0.003952310917815646,8.83627700899987e-05,0.005036349047087709,0.0011978275656160434,0.003224672687343971,0.003995534528803951,0.0002884990148648683,0.004439048953819365,0.0008766692686753066,0.0028091100879648456,0.0039429694244216325,0.0006613124837362194,0.004257330123613663,0.004079098850007824,0.0006824444921374491,0.00472269217777698
2,20240628,0.04328748448351188,0.06309669862146963,0.027583615890716437,0.03016215099308886,0.030232103659307966,0.031875946611280744,0.21341451364134703,0.1984916131366435,0.0028030065749295374,0.0011904139221716663,0.08454123284947246,0.002614520754977382,0.014190718184212709,0.003549688278331713,0.0740880210130183,0.00956002384915658,0.004559354130898395,0.009993945275343061,0.0051075859089790695,0.005205065985934046,0.004387448870277778,0.004538309573094164,0.00046686674419321543,0.0014187995159592021,0.0044217353110866196,0.0012681840403143154,0.025927429035120346,0.005213764201022058,0.006965569513226382,0.0061494457732431855,0.005541733680583413,0.005941810803844698,0.0013622253329964294,0.004193561664789075,0.004787221492105115,0.0006975279079617522,0.0029744778086294244,0.004525615175896999,8.740212957917447e-05,0.004700441831335912,0.0009403502410849687,0.0030274180556922586,0.0044296851665576505,0.00013342179672326703,0.00432128522379164,0.0009195883433464863,0.0032588144495358253,0.0037859524319583176,0.0001538950212939064,0.004549279485788936,0.0008916390427843798,0.002884612137106956,0.0043862822507706066,0.0003360095296938561,0.004579127917281596,0.004729598175231964,0.0005850005776656199,0.004970765983641581
3,20240629,0.0451418606492826,0.06569179382597713,0.02677520287110282,0.030566113165252682,0.029168873410098363,0.03081174259039736,0.21688850413453362,0.2017987230794334,0.0020907254342162245,0.0013403808959237696,0.08343562986000025,0.0015373075900431742,0.014133135501708898,0.0030604250658658855,0.07686828892022939,0.009233252572846616,0.004619534280817348,0.009606463086708851,0.004651970057919705,0.004945894921707487,0.0032729702697340177,0.003818769763573053,0.0005275852209000942,0.0013633425243016026,0.005056868008884303,0.0009603222283466453,0.022337913252834917,0.005106585571907838,0.0070276207208012096,0.005236029149398962,0.004748257269904115,0.006674323234718498,0.0013319887144515761,0.0045379033130593625,0.0053765466033333644,0.0007345905675582571,0.0024667986490976637,0.004340037065506289,0.00024246760119263044,0.004340961644950942,0.0009760254734259277,0.0030115709299567022,0.004738162803761129,0.0002726283993560176,0.005112379188779089,0.0011065753703487075,0.003136908852282297,0.0037359834132830168,0.000276014094199582,0.004247258607512171,0.0008313370758483923,0.002756855213038621,0.004016108145772775,0.00030705550938155574,0.0037816560740463532,0.00395304250936428,0.0006543964850593798,0.005218338566063289
4,20240630,0.04399340235342456,0.0667663643111794,0.028851915840666244,0.03039135979416009,0.030679329975816936,0.03009273724137836,0.2107948291196509,0.20101245212238525,0.0023009571739656853,0.0010458272909156766,0.08308081361892869,0.002216764579409576,0.01383834299812956,0.0033408114816689326,0.07496923234326011,0.009029555124393381,0.004691483456192966,0.010649222377762984,0.005277521937048189,0.005566299618381271,0.0038950284176526425,0.004206391422807005,0.0004812653840499032,0.001192479915722593,0.004584608469276666,0.0008893896211771893,0.02521384275448225,0.0053111216753807125,0.007359592814715672,0.005637027953625154,0.00489964259025631,0.0059423309207130605,0.001828614325235345,0.00371783442624129,0.0050532165197845836,0.0008354994885555588,0.003031224723941006,0.0047865482717410444,0.00010240059808327687,0.004605744396662973,0.0010837413958566737,0.0027174596627268024,0.004238341849537412,0.0001408375779761886,0.004426917978630238,0.0009716866226585616,0.0028486044454950205,0.003910256819636016,0.00033800876412936053,0.003936487101965562,0.0008140151381616781,0.002360589720830939,0.0042690424844299074,0.0003976372132002327,0.004624893045627886,0.0043835037475986405,0.0006280808215584549,0.005746868161157531
5,20240631,0.04519166802727149,0.06568690503308988,0.027453485940430507,0.03022943281556975,0.03128631849875642,0.03128574752276226,0.20932898373298314,0.19682102839532806,0.0038665785567647544,0.000488057794445577,0.08098580853334182,0.0034345750241081144,0.014900100475385536,0.004902739164717611,0.07710067699895412,0.009076282178133742,0.005272359705405474,0.012263145925647114,0.00483844613960735,0.005896487268179547,0.004299505505381281,0.00403008593793132,0.0006911377835501254,0.0010497536799774039,0.005343126500633092,0.0009584228031246007,0.02465643872965022,0.00501905902965702,0.007186223755099022,0.004987317612020714,0.005320364769532498,0.0067874175290855935,0.0014230208245896582,0.0030526206295276503,0.005432669373013052,0.0008179592781695688,0.002114987734487484,0.004619654809135547,0.0001915084650995469,0.004618889850278985,0.0009524114926599611,0.002896771765600076,0.004079626574858609,0.00010609076575461852,0.004416986493613201,0.0008574197006929969,0.002656176429028383,0.004131360093633858,0.0002185521372229844,0.0041113716163211625,0.0007538331570695339,0.0026449706948059645,0.004398107356873769,0.0005085490737126403,0.0038484865394876246,0.004359465892858642,0.0005893427819109897,0.00556148510306821
6,20240632,0.04347321030455904,0.06521371758022128,0.02720317999745661,0.029665029577977824,0.03117805946654763,0.03195272221446377,0.21660877504998935,0.19683770721526755,0.0022614953305303536,0.001333142495842996,0.08322202338327411,0.001994602741177475,0.014031649249857003,0.00336000630417458,0.07415562987894118,0.010184257182159944,0.0042026720518715185,0.01004343445381709,0.004281556308699927,0.005539303079132283,0.003913367270568897,0.003700684936675856,0.00045271483743518186,0.0010527816472706384,0.004867210045029012,0.0012601222292274732,0.027858947434672657,0.0057173999973034,0.007330476564821938,0.005409918520042019,0.004719816570271661,0.006484033323797749,0.0016130152906922892,0.0034749299650395212,0.005075868475064002,0.0006569129219175501,0.00235349183512486,0.004261315640780963,0.00014250417434851292,0.004560476660136926,0.0008854515488520325,0.0030795100190582946,0.004372854892098671,0.000216394090888437,0.004636475245507777,0.0008024541265750934,0.00306885436885374,0.003759485293168774,0.0002034285444654147,0.004270400391209539,0.0008920869062964009,0.0029900998248111638,0.004343048394714938,0.0006870401901221789,0.003881242016759785,0.004361393280728404,0.0008380503902424618,0.005063568269464175
7,20240633,0.04376122204165373,0.065907343962558,0.02724340356843827,0.031940000730319086,0.030297368613382666,0.03083750698662307,0.21422782675464028,0.20176520468235848,0.002473075208627705,0.001480256243135786,0.08243346423681318,0.0022011798727473507,0.012738883513920028,0.002993846074461814,0.07491030437367635,0.009573360174460317,0.004127058415259478,0.010383075768870088,0.005376373344311629,0.005331013178218406,0.004215904527627265,0.003681967071155528,0.0005924055902522023,0.0015102014276206232,0.0039755243572920105,0.0010293244914237345,0.023470739864600777,0.005164680689775456,0.006684870509215149,0.005885238453513215,0.004736750937302149,0.006106174906621262,0.0017182770649102762,0.003694115804838505,0.005257865673220421,0.0008288419830804245,0.0025548766393162048,0.004477986392023874,0.00018532285385842255,0.0047733196461295715,0.0010667097184403438,0.002831152881716186,0.003989809508513609,0.00014547061167298538,0.005004850783405171,0.0009464343558070713,0.003160180200246877,0.004387278215629567,0.0002805328441010831,0.004524982388262326,0.0007897040548807248,0.0027434998454889388,0.004189198030757803,0.0003917727345088385,0.004646791632649599,0.004566465097610673,0.0007402719054562964,0.005048738562599283
8,20240634,0.04402932187267778,0.0654677128960444,0.028128117289046198,0.029734444585166157,0.031989414116972946,0.03199564794719926,0.20653691615419165,0.20024414337516605,0.0023364156677136085,0.0014725807964442491,0.07933276140855965,0.0019539003649049185,0.013996891586778313,0.0033219564115811893,0.07932981337627752,0.009345666354455282,0.004479412290486977,0.009830550851541317,0.004730332442309797,0.005771863700055678,0.004551601422173384,0.004217659003554315,0.0004279580478860195,0.001086090866886635,0.004753357155942118,0.000993968074293755,0.027042181304126275,0.005475016816007274,0.007212221187799339,0.005269309460554818,0.005775640589744648,0.006215137253050639,0.0017263907679179152,0.003956893970332144,0.005318379487541526,0.0007951054719743644,0.0025269075738709942,0.004043729889532719,0.0002066521674678048,0.004806099348453032,0.0010385003915124498,0.0026886652603457044,0.004303727980151423,0.00011789079702398453,0.005419429617982144,0.001030706722859542,0.002827760116854797,0.00389777402140996,0.00025975368421561883,0.004398529960755168,0.0009097746430596137,0.0024180629490207417,0.004525512316776478,0.000242105015957007,0.004491772381845658,0.004889621007267372,0.0007321982887642967,0.00538005149751549
9,20240635,0.043903363496324066,0.06547860745995181,0.02887875255492805,0.03018838291346007,0.030610327779052066,0.028563958901777733,0.2140810610143057,0.19744864693714573,0.002084410628027993,0.001429080719324392,0.08093953327433649,0.0016611181405022373,0.015040637972348272,0.003207080764070104,0.07804747927454556,0.009171600042140557,0.004393297816620571,0.010019692397767328,0.004466787458098902,0.005695156805779281,0.004926990648957169,0.003736834145641058,0.0005341673286797444,0.0013841337682804708,0.004703907665288655,0.001161994862723754,0.026699742288951812,0.005245310561508561,0.006906804654406078,0.005943987844741293,0.0059899600606068346,0.006301519075616365,0.0019079886508750268,0.004217995670589546,0.004818907441264116,0.0008485857642016993,0.0025105273621443516,0.004678130261298223,0.00011458272818317765,0.00485467477842767,0.0009618337411126112,0.002921573885606977,0.00422769526325083,0.00019986085882233923,0.0046913691227202575,0.0011588226524999587,0.002423341684593457,0.004210177169334611,0.000305579040122321,0.0042181775225726675,0.0008037440718575131,0.002218294618069531,0.004099457480774457,0.0005908102351133284,0.00444965155337483,0.004036255163321908,0.000696820865605167,0.004990813158354797
10,20240636,0.04425950590048009,0.06353331752390022,0.029733906773382633,0.031239316644747554,0.0316011017110844,0.03053914359391545,0.21192215659002045,0.19917106914198363,0.002185011559652569,0.0013215603243123975,0.08204205283532624,0.0018695671015923074,0.013546503772844073,0.002545610610045067,0.07497693869186425,0.009012365564782672,0.004476307409058507,0.008524912502000385,0.004913576156598959,0.005018313418596021,0.004962820478210845,0.004675915318724764,0.0004886627159665115,0.0013195852078288085,0.005230265634545188,0.0011908307998315978,0.02740267728609328,0.004886570876518441,0.007713479549014091,0.005520717429851256,0.005813309377252388,0.006740023411106512,0.001327502657072495,0.003467937569995786,0.004929628073390528,0.0008422150673897347,0.0029391756128993615,0.004588140543016418,0.00016066712442197096,0.004574050214180544,0.0008975204664455711,0.0025921260747553214,0.004384449207949746,5.875073280456861e-05,0.005036758790857702,0.0008508252818782464,0.002908576182828438,0.003988669241301733,0.00023657018249197695,0.004523516383689451,0.0008283863464049315,0.0026456700768610762,0.0040321700463684705,0.0002575068431626737,0.0049950105243245484,0.004433876583159062,0.0008960909202329787,0.005227113340984933
11,20240637,0.04359706250473939,0.06634585784884654,0.027848520324327154,0.030538298007208104,0.03034903832438324,0.03023335336469021,0.21285472691593882,0.19898585185439435,0.0019233256416000292,0.001499256635152049,0.08191193564336934,0.0016738177646768086,0.014208915546962825,0.0026773986668452224,0.0782037604112948,0.00954269954536698,0.004269496601288423,0.010638264832487483,0.005052844829719163,0.00523392098893464,0.004502621446292646,0.004189486600578835,0.0004434459268714293,0.0012007125038480337,0.004772753771607149,0.0012503108889194451,0.025232890177526026,0.005134549402970039,0.006672743462604175,0.005597788999727896,0.005809637277302098,0.006560925132569453,0.0014893130454543954,0.004214619711978391,0.005691996965534794,0.0006589511069612506,0.0024935637194679512,0.004357772369018148,0.00025753090057683756,0.004638991300983106,0.000903295466260984,0.0025841028617896947,0.004238172942152612,0.00016545933754666205,0.005159337327079304,0.0009157380108488318,0.0028351518455178547,0.0037291837461234626,0.00031848995653298095,0.004289154889842197,0.0008013802703370777,0.0028256115477423255,0.003950784988294522,0.00037561144850338366,0.004394091594522535,0.004545783516723517,0.0005368463961970259,0.004672852890967412
12,20240638,0.045626024545178716,0.06474013066412107,0.026761825570910537,0.031150080201766846,0.029919942197831704,0.031360810274359094,0.21809831592905962,0.1954359185060008,0.003239044677097136,0.0010406099274467018,0.08313706666950942,0.0025825663297467543,0.011911844655645184,0.0032623615999449553,0.07501234581607799,0.009511562846313137,0.004181852176676042,0.010215537330559302,0.005065392145344032,0.005616453236073008,0.005208511857671542,0.003586927391179207,0.0004965909225518303,0.0014152023883167116,0.0043813449421097215,0.0009361200203307211,0.025469146593457986,0.0056117122475854275,0.006892689796881089,0.005386462707718368,0.005383389131591864,0.005949949941825774,0.001352092193639276,0.0036217375866013494,0.005759376492395236,0.0007095829396322062,0.002350660852873334,0.0046356165385235786,0.00026333348026153446,0.004550294586103395,0.0009671415264900778,0.003237062276665133,0.004227607145188372,6.951628420314576e-05,0.004472412189231632,0.0011087732131426665,0.002796027498247168,0.004579181637709514,0.00023276868950007493,0.004173790433655906,0.0008039233010497842,0.0027829069485091414,0.004075573762656746,0.0004465901444869888,0.0039922912296035,0.004481552878206235,0.0007075143466153105,0.005014938583926473
13,20240639,0.04581974411206315,0.06440357757900209,0.02795980813145029,0.0294915672178827,0.03131206191681608,0.03146248588927036,0.21797486559843615,0.1987154629516491,0.0016167071093927331,0.0015151211920231885,0.08319622020313688,0.001588609414515258,0.011976209831113652,0.002097610038034244,0.07805924893535414,0.009279708509801757,0.004595887324910665,0.009196790228017667,0.005340412457533727,0.005869235786683654,0.004211969388151763,0.0040157744129796485,0.0006057058054534288,0.0015484067467918861,0.004374663803983696,0.0010797592812284314,0.023302316806136432,0.005491580756212651,0.006941889332763721,0.0049445210893125915,0.005585726407720799,0.0062674316498034875,0.0019058407790119457,0.0030900123730533404,0.004999237184232935,0.0007157726820663428,0.0028510509572711273,0.004671718494905935,0.00030168402142017887,0.0046751281451371494,0.0008951868202919063,0.0024768817237447783,0.0040690521736982295,0.00016737461212203492,0.004621848971872438,0.0008477585286439193,0.002844666604194071,0.0038079738257802797,0.0002656922380496407,0.004371696697340603,0.0007531873245393172,0.002761684628242604,0.004395738668428424,0.000661756548835522,0.004184911048796652,0.004350490554416766,0.0004730895657586455,0.00499948492051917
14,20240640,0.04405633757591307,0.06311085822030105,0.027929522883946865,0.03076004445858839,0.03041311735056536,0.030854089527403254,0.21388494393694055,0.19824107041580116,0.0029262261104379453,0.0015149600344843282,0.07930623351391893,0.0024464788819438003,0.014119794860152527,0.003815401909044578,0.08041988882431927,0.008554090138098,0.004659576226554561,0.009456716585825373,0.0038817617274073918,0.005495031008014126,0.004084393410878418,0.004112315165844186,0.0007384238562882647,0.0012499353030316772,0.0050695293808598165,0.0011799516217933224,0.025264693758278972,0.0054855036825984735,0.006859434466315874,0.006812024186429015,0.00609791480883082,0.006186404606594997,0.0015031067215928629,0.003955685819311484,0.004957139432747067,0.0008917168010408608,0.002632221682505417,0.004268622748885859,0.00014120748065396419,0.004299674218530186,0.0009937466978685364,0.003181765115749628,0.004173389806287935,0.0001310851446098247,0.004955788497933151,0.0010339800424149542,0.003117191939327139,0.003746334444631687,0.0003983675466653334,0.00401831901193483,0.0008493729441652491,0.0021444043686041463,0.004258581169541076,0.0005278124829414028,0.00406964107955593,0.0048577784683662886,0.0009122363780783218,0.0049941615186524495
15,20240641,0.04360387103985112,0.06518565426347918,0.028464220132707333,0.030560488782052336,0.03169458910825103,0.030758068560775363,0.21828939468544317,0.19317745551814705,0.002525645082699218,0.0005922043569118108,0.08251500688234183,0.0020276898865446377,0.01454506729505782,0.0032369472398882716,0.07575377425985604,0.009566326211227917,0.004239606093596582,0.009565396240373331,0.004160307678826223,0.0050733282336511585,0.004331212798773397,0.0040851755675439284,0.0006525157225001036,0.0014307347996766525,0.004331686086768305,0.0013013170755318243,0.02483045511602901,0.00545947274450271,0.006398610626328967,0.0068491499546186165,0.006164391388484672,0.0068752395236204656,0.0016594243799226437,0.0039695103042232584,0.004817718320101077,0.0007528277872492129,0.002536051284646469,0.004542504134142568,0.00020686636514325517,0.0044674524138458,0.0011856977420777095,0.002367582260782331,0.004441498613848424,0.00016992199406082336,0.004665183246776722,0.0010432689804658647,0.0029289929551116443,0.003962345350196316,0.0004066151142605907,0.00421308087012411,0.0009279834061378688,0.0027224679421611006,0.004144433913095264,0.0003784249162810585,0.004649126414147104,0.004489856226126931,0.0008166331894393394,0.005289528919572613
16,20240642,0.04291627020590339,0.0651539397503468,0.02855806693646635,0.029504459501382446,0.02997251578436527,0.029663429833650157,0.21690172578840536,0.19896188380921145,0.0021596987925450407,0.0010176905309152518,0.08128449447904203,0.0016153868952912991,0.015192199146860225,0.0026240687366488125,0.07474975708877392,0.009554430812978647,0.004538096847633794,0.01143511880010379,0.0040853644534308235,0.005395461960153723,0.00507221515944195,0.003932079190447155,0.0006071908923197662,0.0013779327205062188,0.005016875537463091,0.000829888263734361,0.025636011826394335,0.005748340799587364,0.006919595988700082,0.00570749476795278,0.0053628465770315156,0.007080921048277442,0.0013193172205219735,0.0039775611190444714,0.005896947847463389,0.0006941558793817393,0.0031043748498364564,0.004186592594860819,0.00023116188742363516,0.004699338863405004,0.0008777589786611524,0.002553358322360549,0.004317068637628895,0.00018441832159209336,0.004807636064626063,0.0008847908360357635,0.0024406674474093293,0.004146389593139208,0.000396664540319343,0.004213262496480213,0.0008935118757455209,0.002813298898812869,0.003702088237939842,0.0005600189331730631,0.004527383936146207,0.004161215804263061,0.0009628133466930703,0.004872750541071562
17,20240643,0.04325340526629582,0.06652940431359403,0.02670701399931472,0.029870372188031315,0.031043518195340878,0.03127487639026007,0.2121696424486687,0.20177502790729046,0.0019620293634364815,0.0009922648410298945,0.0824667094137954,0.0017627816331824363,0.013922166634752544,0.0032181092256308667,0.07753971040527095,0.009561112535764325,0.004205046088799894,0.009918446286083795,0.004892994329156464,0.005528246330667208,0.00382274164084765,0.0038070780398512228,0.0006449679983533852,0.001649689036908964,0.0048329496403236825,0.0011165414063818112,0.025057155873623286,0.00610187901698668,0.00724535364325117,0.005359894078706191,0.00515151985804223,0.00562184602219232,0.001557531067511796,0.0034018978093645715,0.004774305817222429,0.0007462735929810937,0.002648555569392197,0.004059061700570342,0.00052988357617105,0.0049584899149161255,0.0010000040976677442,0.003677436696462613,0.0042368937283448925,8.925983868570435e-05,0.00471147028440644,0.0009397773038123857,0.003481161940492928,0.003373872407317626,0.0002604967979933603,0.004222216645415883,0.0007326479365037569,0.0024588046914507974,0.004600635105336478,0.0003422076626322833,0.0042192115662566506,0.0043269182161361115,0.0006022819431109335,0.005044210038008909
18,20240644,0.044746951864890055,0.06499641888026217,0.02834153494797289,0.030112180505539782,0.030508390164144156,0.02955708321881233,0.21371067348761055,0.20170428635999466,0.002401329317457467,0.0010293700238404287,0.08144631761610258,0.0019850741263444825,0.015926883127773267,0.0032925709420306665,0.07623724592911704,0.00952776571642911,0.004627205487965485,0.009329631260424113,0.004753355944016493,0.005518605790023686,0.003992397038250805,0.0039253284054823695,0.0004158042721653516,0.001247525210055011,0.0049575832970534086,0.0011679789179926884,0.024847796806067895,0.005266365273242819,0.0068600632903434555,0.005291130515860319,0.005107826609620337,0.0062402315188404105,0.0016647769990943532,0.0038111554470650934,0.005016194951701924,0.0007634823640250732,0.002790292014363302,0.004723049945164482,0.00032763280121755233,0.004462120359444971,0.0009024665711021658,0.0029464418568252372,0.004284555135993323,8.208349858787131e-05,0.004435556594499328,0.0008961398996054184,0.0026939537562551265,0.0038279393706139543,0.0002338095717117714,0.0042989876746319395,0.0009996456009626533,0.0027143627822710167,0.004640949073425899,0.00025584512495823683,0.004368450009621263,0.00444924413604419,0.0005499140002089699,0.004788044594878549
19,20240645,0.043073419947348694,0.06397923749776374,0.028049769081191226,0.030098489837792654,0.03004401964673055,0.029856694960974164,0.21692647499974324,0.19563122782160716,0.0021967104570974117,0.001157621656929039,0.0821844634058698,0.0017157523301501196,0.014272417303122635,0.002926707283345428,0.077702672203282,0.009426485064529169,0.004539269292147915,0.008782985987545133,0.004939369732055972,0.005779406319894984,0.0051723191954981965,0.0037209319766160335,0.0005132329129607598,0.0011711425678666938,0.004635879634504743,0.001012580081329385,0.027483213581022802,0.005253503257649681,0.007176156198893727,0.006445528094574225,0.0051851508666726385,0.0062068101329845055,0.001535279872783672,0.003753190882758262,0.005027297234829649,0.0007048987947919927,0.002921442803562283,0.004728682942628407,0.00019960401368428196,0.00457948199441307,0.0011372941598608568,0.003412184327397819,0.004226469364048641,0.00016151510586481853,0.00456945808648075,0.0009953901721954808,0.0028301892443358483,0.004136370042934879,0.00017834078607454473,0.004011631194153981,0.0007802846150473078,0.0026418014362834977,0.004675827155296375,0.0005601439777588929,0.004265508833726072,0.004684919547568669,0.0008678188754576282,0.005155331206368054
20,20240646,0.042720317885215464,0.06337694646249858,0.02670691784522137,0.031021509304811,0.03025096571116863,0.029536537914446024,0.21356583000694113,0.20286942876164246,0.002586513678902621,0.0016004163375331387,0.08539828426057565,0.00199269038055319,0.01414549939073462,0.0025895423332152547,0.07468910502639609,0.010304458179222624,0.005490202136257024,0.009372272172157388,0.005256229559506356,0.0051369611079568524,0.004723567580231113,0.004294954016636231,0.0005558258274415364,0.0014903748457409662,0.005130819408659375,0.0010106474269288323,0.024219662006264887,0.005124588528483824,0.00669768623455689,0.005946177166545507,0.004763499789918522,0.006783065938720499,0.001798153902841821,0.003425430398617203,0.004944266746442774,0.0008034602448523248,0.0031022221542580182,0.004403815444313705,0.00029458487387856784,0.004751844330111221,0.0009822154253549364,0.0029083402655638285,0.004207799149294024,0.0003081762343073197,0.004775537294132894,0.0010111245897086554,0.0026188121813361634,0.0038200423210592517,0.00038322591853791256,0.004289191236417797,0.0007112279725355647,0.002495234573133772,0.003995635477780766,0.0003580621185084248,0.00415036164518594,0.004630384577725976,0.0006980559115540612,0.004781297787463624
21,20240647,0.04474398595368541,0.06501723615694756,0.02874728268804616,0.030960126820016316,0.031582576713011554,0.030437064181313086,0.21482355083217966,0.19395809031574357,0.001981949331173321,0.001294134946189806,0.07873811200450266,0.0019159364810580563,0.014670487196126425,0.0033476606954150846,0.08005309779315486,0.009351803370435988,0.003952554786527569,0.01063146383178704,0.00497573142253382,0.005255174275957912,0.0043807087723458605,0.0037213813956430233,0.0006301255845869954,0.0010630614033013666,0.004811271493681164,0.0010215745923569523,0.024641127313056604,0.0048738143828464045,0.006846154798051201,0.006225438151574027,0.0050278640069406685,0.0060685916137092205,0.002264595584346525,0.004322606359912436,0.005251252312521599,0.0008580777112424341,0.00287894820677228,0.0045754484629853,0.00014193570875023576,0.004940437306308713,0.0009384125353990894,0.003586591407577418,0.004076187223258199,0.00018766029493613192,0.004978082580876066,0.0009361939888688738,0.00327652311604787,0.003957701758775062,0.00028538835326706965,0.004395439701579309,0.0007896306680717362,0.0026603017957534114,0.004129685286852113,0.0005509290654469246,0.003927055136754983,0.004189339973593984,0.0009312607369698281,0.005221181419233095
22,20240648,0.044907023594937985,0.06606908252121703,0.027150983572706316,0.030540335216005847,0.030769233012706412,0.030494361328806025,0.2133092026855021,0.2025159287636897,0.0017771242706138112,0.0011120277442801152,0.08092572242066143,0.0018252103277310247,0.014111544237897103,0.0032794632800851294,0.07633644573188114,0.00909599675972676,0.004746219677605891,0.009609794105851534,0.004671432546036775,0.005821306213302786,0.004114037023660217,0.0041731291838649175,0.0005021216448920832,0.0014100591186362915,0.00425358074635586,0.0008351216457911756,0.025818303085064345,0.005476433400249505,0.0067691303688304436,0.004975806289864411,0.004738825266782071,0.007064392195796571,0.001512301110427705,0.0037668401418413716,0.005785945027838212,0.0008308584425675408,0.0026276006702378764,0.00450872697723135,0.0002553568854836663,0.004855350649501636,0.0011375157015114073,0.002573445727162457,0.0038975678582302722,9.12619267356047e-05,0.004798321730402254,0.0009386631085275842,0.0028087743703188736,0.0036325374267685475,0.00036622783476509846,0.0043046642402137965,0.0008883753205463223,0.002355085139954838,0.004288695099780049,0.0003594719860776781,0.004344907240194763,0.004305904817448535,0.0007247163690251766,0.004841506216174671
23,20240649,0.04325114800600743,0.06308812116369002,0.02862747691038956,0.029985128303803465,0.03086733205730232,0.03189625914895292,0.2166714934184182,0.19919480375839413,0.0019347085027144764,0.001123878842035991,0.08419026202162744,0.0017275525004873786,0.012676111245799792,0.002845397208199788,0.0756670709271256,0.008861262438649589,0.00431237232176462,0.011168724893741667,0.004491243473316146,0.005318730567104064,0.00457307039815495,0.004014737667566023,0.0004950739290074682,0.0015821659757699407,0.004803542218223245,0.0009902948786837274,0.023761611427737785,0.005726247286648181,0.006311866240455972,0.00623788870211867,0.00576016177431667,0.0061293415285223,0.00142330249887608,0.0038703828782609443,0.0056338508496208,0.0007376113240121852,0.0028068310195093977,0.004447683070466844,0.00025248444566057125,0.0048246019155647,0.0009265226933571637,0.002891848953028345,0.004130157359710918,5.568502680166672e-05,0.004416929703637019,0.0009043174114062803,0.002698736119719331,0.004128973033802833,0.00041346907593505866,0.004725014321292635,0.0006902129301061248,0.0024819673626950965,0.0042880930741815175,0.0003390474209832476,0.004537928502211825,0.004346790377303921,0.0006536005042537133,0.005088878390872323
24,20240650,0.04288977539256237,0.06396253135118558,0.028675055735757106,0.03000614087955459,0.031219083425613532,0.031129048756764616,0.21154056505192714,0.1973624804829475,0.002012788428599523,0.0011880625607091461,0.0794789528241156,0.0021470373824177403,0.013652676630219055,0.004054898103005485,0.08433892808664151,0.008857889543794744,0.0044939434098772695,0.009824545313887182,0.005232888000093538,0.00562177603195793,0.0038558983486855223,0.0038652144870803175,0.0004989398268766895,0.0013811754375810197,0.004901988002594018,0.0012559731081610503,0.02346618366826527,0.005322462909154609,0.006746766086584815,0.006466503577783087,0.006074444547981394,0.005847633533540703,0.0015856872672906335,0.003955045914145588,0.0055645927329227175,0.0007694710295514737,0.0036376331505800067,0.004753909452453317,0.0001643161991403499,0.0046828849791831495,0.0009241352662127622,0.0028498301280486557,0.004041041465804398,0.00015058681394774414,0.004364205518389634,0.0009115413925696136,0.0027612025684540793,0.003572958977928172,0.00027940469618240065,0.004071898339083557,0.0008096524069989752,0.0026846656016807444,0.004290930180162882,0.00029123995224788877,0.004343825598914824,0.005117366004769202,0.0005695528624675044,0.005480170574950149
25,20240651,0.04439670296069463,0.06417113809243984,0.028012407619390473,0.03011319333951716,0.030620646979045818,0.03075999785595733,0.21630144491738515,0.19395338568427692,0.0024151947591062816,0.0008468693321929827,0.08192768826461679,0.001878591511187386,0.014986895172519216,0.003630182010875073,0.07903684257415963,0.009838354228847098,0.004471287824441001,0.01098095959935352,0.0044001363376815865,0.005329241475315059,0.0042387718837447,0.0038178736275255956,0.0005510665762873549,0.0010364127260456535,0.004826029477421532,0.0009793868878390367,0.025813335899202768,0.005447828544581594,0.007095784678150265,0.005833780416486624,0.00548260886460163,0.006483053648153257,0.0016959060077122053,0.0041418884293507735,0.005500638190078446,0.0006948355855785216,0.003086898070822725,0.0040483172385128744,0.00010113638953089669,0.004836000674193575,0.0008762621429684247,0.0025639188817980696,0.003707599857048021,0.00025889895859982265,0.004541425895697308,0.0007334564735023875,0.003010758847352985,0.003374991265930413,0.0002911142411719703,0.004480375819760126,0.0007884744497990309,0.002520825953603376,0.00395311009364927,0.0006449715874765635,0.004421249367892964,0.004331798703654591,0.0007689444670755545,0.004949108638196233
26,20240652,0.044842402588949185,0.06624108519591938,0.02806705762379984,0.030056487233685956,0.030000561611518935,0.031293542838355004,0.21545167948831834,0.1997248518589655,0.0022110337795291203,0.0015034432892630446,0.07949679907094602,0.0017497824724508801,0.014005914863027533,0.003842590478985511,0.07538496571849568,0.009779844004021928,0.004647258510246187,0.010407186783013096,0.00482609642273661,0.005691357301942381,0.004232018174519432,0.0036144439288958185,0.0007123015198839741,0.001256069358679216,0.004915024707358116,0.0010937908375236117,0.02441565195884699,0.005255473592415877,0.0071186388306237035,0.004630691452588503,0.005851386861726663,0.006461891341561031,0.001865547704732964,0.0037264265663470414,0.005049048557041845,0.0008012158053069115,0.002670640971234518,0.004481814583883068,7.445362661268068e-05,0.004641680176052065,0.001062925935484806,0.002475656298110955,0.004510273602751359,0.00010733659902567924,0.0045651998270816,0.000889290391193639,0.0030023296911177,0.004090144725724511,0.00023725783839753797,0.004182127911132004,0.0007719699946999348,0.002656488394179747,0.004596238380207726,0.0003965509616903823,0.004743114788311484,0.004223966291242346,0.0007075278008966664,0.004689448878747822
27,20240653,0.04495791328055556,0.06582326670311744,0.02701308390841505,0.02944333537281592,0.030771034176022876,0.03151373412516726,0.21818370091922032,0.19794654350677318,0.002034257186602684,0.001032505959145892,0.08259870458156995,0.001750694489706713,0.014364579726625306,0.0029250539546105837,0.07534583957075881,0.008503178323865464,0.005203073280877612,0.009319713345177654,0.004245409060301121,0.004907252701073074,0.005421218413646596,0.004161153108943018,0.0005563533704004565,0.0013754496894370194,0.0047585303668561,0.0009212499282818074,0.02611607112593446,0.004866092290930347,0.0071363195044516995,0.00507310428901698,0.006003463417122441,0.006451728715771762,0.0015252769403422033,0.0032178715008332496,0.0052304686808888855,0.0007902875055950761,0.002750845937377092,0.004693777926796068,0.00016939656218707536,0.005030570533786138,0.0009547661660733094,0.002532840427164455,0.004261498592773703,9.810314902381382e-05,0.0046245469847857115,0.0008345096681840995,0.003055248129609989,0.0037064782687138485,0.00024009299596544547,0.004307432360296701,0.0007371079998059185,0.002098924044670024,0.0036913517639326258,0.0005133736772232525,0.004132845050283353,0.004664404402791902,0.0007133954551584046,0.004700976882542574
28,20240654,0.045461650017694775,0.06543839364920076,0.02851744793033043,0.029260163153868566,0.033450286221593614,0.03134899526209477,0.21002177132967365,0.19912018746591975,0.0021023103561285303,0.0009204936978108062,0.08583664898138359,0.001711401815820496,0.014484894966242005,0.003387935731601953,0.07463001666196714,0.009011426805873508,0.004556913400397195,0.009853146928650717,0.004783714503180006,0.00500475504378526,0.0038808846757350064,0.004165073594808051,0.0005933805803015462,0.0012646972168965395,0.004780428603394072,0.0014017674610623788,0.02544692715198607,0.005063397237064876,0.006857433264514859,0.005573284146583779,0.006458382640876439,0.005190560714905713,0.0017052029508335062,0.00403927399975796,0.005138741531096445,0.0007460181389361743,0.002720735683564997,0.0045136581381176565,0.00031671499447212786,0.004564593963510609,0.0008738371590957283,0.0025418071834665415,0.004334686979541415,0.00010957152129903523,0.004621869383647538,0.0008244465032604061,0.00313916914210442,0.0034983116323932003,0.0002407931879613551,0.004062492260847357,0.0008294922200879373,0.0027245751258697048,0.004321184760960674,0.0005192601692300251,0.004105412789495809,0.004203744561475234,0.0007255493404973935,0.005000085467129851
29,20240655,0.044285409886002276,0.06508542015614,0.027618151812519927,0.030064797632912074,0.03184345988500626,0.0303687739554509,0.21662818409690252,0.19847449099370967,0.0019657285203746487,0.0010934573621331828,0.08185859125252229,0.0016741565265307788,0.014098069721406167,0.002507916788036284,0.07704900627073213,0.009117810867690104,0.004647244447331476,0.010119256480419454,0.004607085949054448,0.00518057128658486,0.004023302958516302,0.004118717052455687,0.0006176797920489604,0.0015582041838816134,0.004920509592468673,0.0010048001304235649,0.026707019099809905,0.005584874666521345,0.006442810961708177,0.005181253668221652,0.0053608025842294925,0.005898337048239986,0.0012382686863773823,0.004258844937224878,0.004868424334336697,0.0007649046785849506,0.0023994724181222865,0.004088482921823166,0.00027367187915274205,0.0047511498060708365,0.000945802466573016,0.00285709621133685,0.004336506030835948,0.0002350344109209635,0.004765926938580541,0.0010277787891768495,0.002708569266743759,0.004199255930338976,0.0002790982800524181,0.004100610441716845,0.0006925329594579029,0.0023324238015906386,0.004328613523111577,0.00036191567351433315,0.004364754688044972,0.004629730131471692,0.000748106894919117,0.004737128269935991
30,20240656,0.043806132723407186,0.06432383417260434,0.027847967537320613,0.029369536064598623,0.03088226237171672,0.030180420905505087,0.2190275429410189,0.20003178185177115,0.0025119176745162313,0.0015663899841678677,0.08106969216559877,0.002620489512028073,0.01436992128610625,0.002690816018473559,0.0738992299517817,0.00954448845875746,0.0047403130008257756,0.00900503842044191,0.005527485061667792,0.005505277245353051,0.004751770211943554,0.0038381743438193933,0.0004468198563749046,0.0011086707997076965,0.005618548514052888,0.0010445564624092733,0.02469191400906531,0.0058417548984113065,0.007069417584364825,0.005204133893022928,0.004811351224955819,0.006220251666238713,0.001727810102790569,0.003057397620278687,0.005092733737588185,0.0008259211614545496,0.0029072878615995336,0.004443438611729577,0.00023124051344808086,0.004396937693308634,0.0011386123028238942,0.002927687264774617,0.0041543006728136985,0.0002559917030447261,0.00451385521364632,0.0010466121997921782,0.0032154492731211676,0.0037338460840939196,0.0003998139020406808,0.0043166335327923895,0.000863323474866834,0.002918038650354925,0.004407036756132256,0.0003941517335275767,0.0042098925293433025,0.004333853404460619,0.0006828912723105306,0.004637341915834817
31,20240657,0.043290226661584164,0.06373480677240446,0.02838343161994404,0.02998219134522069,0.02980692139279928,0.03131976338605664,0.21561909499743623,0.19895076700515776,0.0023537275638401954,0.0016448098849874179,0.08049792081919163,0.0021168725217465714,0.014605549412226167,0.003554091366700372,0.07533674936962209,0.010115827507979009,0.005168111049441935,0.00902814823674697,0.005677480857679302,0.005204349787601467,0.004223990049739243,0.0037272324061333947,0.0006158777830882703,0.001659036971169656,0.00479292792772169,0.0010878486110195195,0.025802279965762853,0.005523750582867448,0.007942261665632954,0.005101041900610082,0.005412434965722563,0.006864931897364561,0.0013415277784708038,0.0035880173133969492,0.005424551987867723,0.0007893608833793317,0.0025007289898578986,0.004605375421877747,0.00039370593300294086,0.004800970535169053,0.0008463060589213472,0.0029499377242795674,0.004505960469766084,0.000238709034885271,0.004475336758260172,0.0008919213220148598,0.0027244898002257954,0.0041363948491706425,0.00030477476960432103,0.004249359924752379,0.0007262895983245973,0.00237530729569525,0.004054490788142453,0.0003877977668082459,0.004786647277306212,0.004056429018383058,0.0008809912655420716,0.004820161149696637
32,20240658,0.04347232762990119,0.06673688384767351,0.02792984725036369,0.028737641383428558,0.030352859392536558,0.03085347797390064,0.21255292293997544,0.2008519444726746,0.0020077439161310163,0.0015804462198353855,0.0830554709695538,0.0016251246881318258,0.014752805918389506,0.002663645008463173,0.07684676085582162,0.00933950690180989,0.004025283307706398,0.011413027237350715,0.004945174560594287,0.005240128338697241,0.004063460890848973,0.0034171688136853235,0.0005943566290093963,0.001215999136981336,0.005857554956063731,0.0010964257792250977,0.024649667704306433,0.005272705064841564,0.0069728456343433175,0.005067669234050001,0.005811028732002681,0.006666018894842639,0.001473158085540566,0.0030722692054940015,0.0052943206548435595,0.0008218421111171511,0.00277304041501253,0.004560044555429415,0.0002333978102081356,0.004737455687110504,0.0011475288007478201,0.002999952929188338,0.0041984801283796586,0.0001565632561763639,0.004844117425318235,0.0009112001153629005,0.0030244434398555876,0.003459688682754486,0.00021950086595307777,0.004440165777323555,0.0008601165578763538,0.0023174426507719392,0.0045999730704014636,0.00031541730092342503,0.004185130133756638,0.004337642922213121,0.0006741596972949552,0.0046750234378064946
33,20240659,0.043670719327804856,0.06467736310211909,0.026776350306799666,0.03101441677752454,0.03008983403009295,0.030743039303074385,0.21221693492947658,0.19650465798241157,0.0020490898254671634,0.0012467103884413557,0.08413950105782306,0.001929916833181778,0.015141410007182691,0.003523584475677482,0.07815567069559229,0.00908127317863181,0.0050542630185054505,0.009207207496264564,0.005014552083833866,0.005960017450620843,0.003571404966643281,0.003859218414069901,0.0006693139282708517,0.0013493255101163237,0.005164064215168458,0.0010364248657394651,0.026081363775755498,0.0058493027196697715,0.007100279296436923,0.00517849046877154,0.005423389583607571,0.005904217032322979,0.0016457654125045672,0.004495332952492892,0.004895723522060827,0.0007313250755300167,0.002818338558113868,0.004401394671580552,0.00021832112788438825,0.004790994514228383,0.0010421317509974317,0.0023844967113464616,0.004611034572809871,0.0001003002794689721,0.005142149156502637,0.0008638664361846154,0.00310969627546408,0.0037470611848808484,0.00024621158508191454,0.004102974915311053,0.000755684312238371,0.0027830826006179123,0.004545984049484557,0.00026759844719445364,0.004095416366569837,0.00479023004085528,0.000820445263690183,0.005211133169807512
34,20240660,0.04382721188472576,0.0640394863332472,0.027773307661964602,0.029861080358909175,0.030639687360509545,0.031624785380255545,0.21317368971252343,0.19823519001497872,0.002083866391692859,0.0011624779370464355,0.08530897905367386,0.0015269235492169728,0.014477595468222667,0.0028255626784923307,0.07855276791854927,0.009659300301051145,0.004254034918523148,0.009387191076432228,0.0049951913501232416,0.00529634055004768,0.004603886328429971,0.004056833838680026,0.0005542565648347932,0.0011460414276843135,0.004716440247933577,0.0009439126168774658,0.023961479526553375,0.004899517691298975,0.006805879570414295,0.005488840389933638,0.005726367995219537,0.007263973431159453,0.0020093864753861755,0.003378963273957116,0.005485995787281958,0.0008054322065185919,0.0028909019625369134,0.004548909406867397,0.0003306658485265741,0.004587888604297786,0.0010552899233954684,0.0022509912560859722,0.0044043687535527554,0.00012929586376582124,0.0046337946058174085,0.0008900375138421641,0.002683305807249296,0.003925150168231612,0.0004570894726336789,0.004376394941375323,0.0008286752196604133,0.002372510127232375,0.004334088545714915,0.00033996846986036433,0.0042612270917114494,0.004349912419377723,0.0007963209473131234,0.005001335778602481
35,20240661,0.04386410343450187,0.06299847679440607,0.028566748154913828,0.030069135471439665,0.029828439340622986,0.03179081093579823,0.21956096253382182,0.198841158035384,0.002227053261484901,0.0008028598737306232,0.08475214266856398,0.002139651781974777,0.013423748227001835,0.003068089831151257,0.07249310996875388,0.009640259368726298,0.0060865367516515405,0.009983946342888508,0.004555921100494519,0.0054382549810592555,0.004307350620986924,0.004244244156090059,0.00053914251136753,0.0014913132180525118,0.005108515450074449,0.0009891365856133409,0.02411808006672023,0.005177596291579644,0.007176631512976118,0.005161586723908555,0.005010140669659592,0.006180231587959139,0.001820615938253092,0.0034736165178917843,0.005806255724778005,0.0007958696872513541,0.002699565069426608,0.004708137426148552,9.247503096215043e-05,0.004433353618345757,0.0012101728009442348,0.002735003409762221,0.004388960555726573,0.00018093238656715702,0.00475865968142012,0.0009707818054871636,0.0024470305797000785,0.0036008304641185216,0.00019105622641227824,0.004039553501474714,0.0008541118281900784,0.0023787697411089192,0.004141666058771678,0.0001547846733296785,0.003934501936534417,0.004828954022305446,0.0006576337073446897,0.005061329354386613
36,20240662,0.044154200005383164,0.06528920155401319,0.026446486787566573,0.03053305290007296,0.029890082925213876,0.031282275982347264,0.21505146754225585,0.1976772194041514,0.0022196362703814,0.0011836054336434648,0.08602130165849314,0.0017472054524634664,0.013924646497721918,0.0026771287405691073,0.07396114810046439,0.008868951067170838,0.005496662593992916,0.009408227540804975,0.004636407826821303,0.006685966126232334,0.004708127400712073,0.003513867715853742,0.0006090652989320072,0.0014607007528281738,0.004547255941073288,0.0009023668691258227,0.024990281924710256,0.005290992575003089,0.006685837576091856,0.0052449298066378595,0.006109877375808041,0.006555876288214081,0.001990695944323582,0.0036089956342739617,0.005154140635587888,0.0008171197469798239,0.002259076886847933,0.004909715806723811,9.056868729755885e-05,0.004432480868692359,0.0008398883441747458,0.002743537840607753,0.00459451867836011,0.00015739147235965107,0.0048762211749075555,0.0008240333888798561,0.0031007582079442945,0.004158676038439806,0.00017665181245454909,0.0041365581796001345,0.0008332030173092209,0.002440496980931455,0.0048421100237763205,0.0003529742178360486,0.004551258791640408,0.004460884764859693,0.0006647770546093797,0.005209211865828198
37,20240663,0.0442760279572837,0.06326904343685928,0.027180685532153002,0.02896404875193116,0.03049577809783831,0.031812978219649575,0.219093193993111,0.19361377008493744,0.0024473022786404438,0.0014728358508572302,0.0807234179183306,0.0025262212438603975,0.012976141026515342,0.003475640247728552,0.07648702432669,0.009440870131825214,0.005228040599712545,0.00958029551945869,0.005614449475262554,0.006025778978887984,0.004555140341815927,0.004223880071922917,0.0006879514789198243,0.001543315362639443,0.00464674426267482,0.0012294030231399375,0.02599441452946,0.005263252186846035,0.007051529709490832,0.005627713077614391,0.00599214777536654,0.005840499705866763,0.002404654641490776,0.0038244911924793577,0.005246746551939174,0.0008044902478741002,0.002770018817776946,0.004558905866318094,0.0003377143211784685,0.004636415231377658,0.0009375875583808107,0.002878614867671544,0.0044319189239933445,7.273627729642423e-05,0.004417586047582791,0.0009607173280570487,0.0027119354561292966,0.0039052726969910244,0.0002583326426596068,0.004383963072956344,0.0007597786195898527,0.0028427286051966867,0.0043582819121332425,0.0005409756404773708,0.004193005516653309,0.004907996181872075,0.0005282033288093695,0.004967393255824935
38,20240664,0.044367216671403475,0.06845451445635042,0.027714316116266353,0.029173304071543983,0.030623733071144195,0.030822297546514228,0.21365640598248123,0.19331079193696224,0.0018654971593446068,0.0008036819581967614,0.083916254912104,0.001612051977253586,0.014030356089563979,0.0028962195991387037,0.07805697651511821,0.009201441052319383,0.00523444047543183,0.010328606557525235,0.0059569079697447385,0.005748138498961192,0.003901673427056006,0.0038129239490542577,0.0005198094117086218,0.0012865890854155116,0.0051723198185242335,0.0013184923570330397,0.0266250535808201,0.005231869762191169,0.006445901057196052,0.004999377826910501,0.0051944105522784105,0.0057202930236117866,0.0017357784245997392,0.003610709458981303,0.005213108826172696,0.0007030901337784652,0.0025191859807956506,0.004198010748285018,0.00015536447386696505,0.004847555284712939,0.0008138073514385588,0.0027211125986370144,0.004313072327366667,0.00016605574314854798,0.005466757966691481,0.0009706980869170363,0.0030677038228482186,0.0040212561927644485,0.00026048693825874765,0.004465418828816806,0.0007573429721523774,0.0025356531028352556,0.00455843760204223,0.00031081882100046095,0.0039131720613958506,0.004668074361842923,0.0010048413259312729,0.005000620095551273
39,20240665,0.04308358498920389,0.06584567163908886,0.029279147035908625,0.02978384582037736,0.03118592297149677,0.029281165734749082,0.20987965010056195,0.20329478448739097,0.002292112740341078,0.0016575897468935365,0.08304534871574615,0.0019029540487161833,0.013046291507468472,0.004033406975234679,0.07847441152977816,0.009865429163490806,0.004013645457816707,0.010147314606905027,0.004334692200147384,0.005165548142767904,0.0034000313572693135,0.004109504019807407,0.0004572962028728531,0.0015519650031767802,0.0049114969665288435,0.0010951939655509434,0.02615680083668915,0.005208706250326618,0.007074195970851047,0.005376596785859078,0.005326223488182552,0.005945295381482706,0.0014094051915282076,0.003718013688857029,0.004498591659059175,0.0008775253676770522,0.0021819898809092818,0.0043085262879999486,0.00017854548111593204,0.004786062829993431,0.0010399733469810643,0.002690325327762903,0.004638351817896503,0.00011898159204931797,0.004849380610814546,0.0009004266202920743,0.002741924215463109,0.004277161104593426,0.0002949576468380011,0.004079138664162776,0.0008327533107081959,0.00279878080246673,0.004234991356757904,0.0002734194470453394,0.004067870954833853,0.004531633598901943,0.0008271107829846728,0.004618334569626762
40,20240666,0.04445683387160117,0.06418526462361036,0.02901495155650889,0.030784180686491268,0.03084856924690221,0.03029935445309668,0.21289090961248305,0.19913670330599115,0.002250258685376893,0.000987690443567798,0.0816280512701141,0.0019718586416916572,0.013537840546248134,0.00289687678634735,0.07709610124246796,0.01002752747008282,0.0047689304814236425,0.010805596087154883,0.005246398767752896,0.005148685819301881,0.0045909547449311215,0.0038876233531137025,0.0006402176260582135,0.001318115677433327,0.005134072048300892,0.0009001510436375162,0.02445631640990322,0.005441087995837086,0.006810030537611712,0.0057888799843640116,0.00533534244856926,0.00578275839882922,0.001219417542145129,0.004261019620862889,0.005178334355350993,0.0008183653560639302,0.0035455085331240854,0.004283051521770218,0.0003509834009876384,0.004241388486332414,0.0011296577562553338,0.002704283018030474,0.004171413916793015,0.00011054871381839083,0.004374489316683275,0.0010315942601154622,0.0034882937134854265,0.0038068166437284757,0.0003237933040539292,0.004459506017830112,0.0008359905095975627,0.0024191496897467764,0.004652669454900691,0.0002933927124080781,0.004284237986230502,0.004468392957064165,0.0006863224947362495,0.004793244851080741
41,20240667,0.044184293067058136,0.0661629852802595,0.028004018087147777,0.03049468169874676,0.030380561946240506,0.0313524963677669,0.2157373028682648,0.19814667417859003,0.0022809261572251265,0.0009273340261591401,0.08276357448200954,0.0017129875775149048,0.013145368409720188,0.0027322925699892935,0.07552488951699489,0.009726741689091777,0.004624940040428168,0.008962950486309827,0.004964449525431978,0.005303099450129306,0.004556885915018458,0.003798373493856479,0.0004946974442711179,0.0010646688919031702,0.005510451839451409,0.0006523900408141147,0.025134069388665855,0.005038233540354245,0.006482247131856167,0.005685551492335224,0.005860791942156768,0.006605230339533454,0.0016467140809526676,0.0041671974042459155,0.00509002803662783,0.0008644732717031672,0.002794436041814746,0.004473908832909655,0.0003328839738044259,0.004638174726415137,0.0010686392239053258,0.00268650004611065,0.00427048792755307,0.00011391911968798865,0.004407055112108379,0.0009377616164941805,0.002819005791361698,0.004078590436005998,0.0003313259096815852,0.004591271110145978,0.0008531119025376931,0.002633594688605186,0.003598976657664862,0.0002221862115249142,0.004566220655607178,0.004284100242561919,0.0010035703257488394,0.005509707768925979
42,20240668,0.04453052415534265,0.06761484999860345,0.027786142227372686,0.030557722046098273,0.029951254451760913,0.03051404735078618,0.2207618747590215,0.1949649226048608,0.0020550255176709064,0.0013931389246853092,0.0820781606238851,0.0016595877702284749,0.01358147474566209,0.002453577500362117,0.07496074375599066,0.009543578778089689,0.004999977441716334,0.009893700414925946,0.004726439866252184,0.0057971747711047985,0.005065175098246382,0.003910947960146262,0.000443541234032367,0.0011580704428185236,0.004967807096742477,0.0009786130117033411,0.02432486621843841,0.005435617484888615,0.006620543882667262,0.00576485374854993,0.005672280234836842,0.005891507213032523,0.0016910891480893127,0.0033944622366349868,0.005275738533725275,0.0007902477771535856,0.0030147558673672436,0.0039048538625916086,0.00022375144482680788,0.004518226473953426,0.0010534123027519718,0.0022711433228956523,0.004612239510865311,0.0001090790695979238,0.0048093693529811955,0.0009671012861917238,0.0027959569663240855,0.0037454665213842997,0.00042171867032772146,0.004030754049852474,0.0007474913455609504,0.0022510704366063687,0.00413293425842261,0.0002194371197206454,0.004264696058904315,0.004560982214138058,0.0007131495135372804,0.005423131325072005
43,20240669,0.04376985532223986,0.06529161727971655,0.0278963383419679,0.03002767504977685,0.02995096260399909,0.0315731419981096,0.21242780538961883,0.20169110797492584,0.0020103889989234137,0.0012114840332427448,0.08593488617610344,0.0020046104450341393,0.013311043351566009,0.002885134305610881,0.07727623428969548,0.008754784040357948,0.00538901573688768,0.00903832784476319,0.005191418664700147,0.005438233077854714,0.004598620322006839,0.003494971220251335,0.0003823591474080169,0.0010392406367376633,0.00509726014699279,0.0008248333331994246,0.024981608213468502,0.005217667751302717,0.006343666143570285,0.005279512529061209,0.0048205724595199095,0.006578359913743469,0.0016835470268354378,0.0038402874127365354,0.005006313848230509,0.000687658875459437,0.0031240535447913617,0.005015396532620172,0.0001239617260484298,0.0048043856864627916,0.0008825363029192366,0.0024206227594301276,0.003780443412387497,9.483390895414931e-05,0.00462878957716525,0.0008995800457764802,0.0027327826962508265,0.004063407603584515,0.00021060780772434991,0.0041021622469806325,0.0008777425321571432,0.002700848302415682,0.004887969032761318,0.0004660198405166468,0.004047660644346511,0.0043222162165126405,0.0005419677850374684,0.004321467889538336
44,20240670,0.0443625247093211,0.06535131945250937,0.029637455205091798,0.03048073505565986,0.03081326860754958,0.030237941170980363,0.21207484821554584,0.2014447112649615,0.0018845998538191888,0.001950324929486179,0.08462483478945143,0.0019436870512388772,0.013925012002511996,0.0025884413468851802,0.07631748368484202,0.009348975614690735,0.004770345076184901,0.00809237198428006,0.004744513712005078,0.005233010945935541,0.004591229177520979,0.004378129437991757,0.0005991288980765106,0.0014926453316986682,0.004391117751293813,0.001275843130105217,0.02460835948784462,0.0051793422507128905,0.006360469614116204,0.005022357907219717,0.004716517200285173,0.005939824364454625,0.001706254477303088,0.004010065684653361,0.005320268047468309,0.0008176320405889688,0.00256246712181394,0.004534078930362425,0.00036995648830015195,0.004387456833644209,0.0010741594532127437,0.0028042049989112717,0.004502061476420833,0.0001719210486711942,0.004361532642003928,0.0007894687208772698,0.003236323620303793,0.004030680971053327,0.000318910642459937,0.004196470676976508,0.0007705179562278699,0.0023813530154582116,0.004189113374010052,0.00034905730729682975,0.004453547971540645,0.004721426704341284,0.0008282792540549038,0.0047314213177742466
45,20240671,0.04411536359006509,0.06491889125229304,0.026805200261597294,0.02971320296779069,0.029683926374905495,0.030836341312809115,0.21840747826265206,0.20102757340718874,0.0023633274267503782,0.001541715739855066,0.0836069502683142,0.0017766830183245184,0.012684212350022143,0.0034089661881712063,0.07485296191178512,0.009015207542464392,0.0040508771209123925,0.009641732997836406,0.005172899911568248,0.005069745887959055,0.003916330560050803,0.0039875981430875914,0.0005937561951056173,0.0011833214877681405,0.005499052568323454,0.0012161695884771403,0.02574104810636926,0.005575952701822937,0.007293012230227947,0.005012594501306378,0.005578759634771674,0.005930475317401843,0.0020506315768100527,0.003708399481815589,0.005064428827554239,0.0008098083463121389,0.002781435414657473,0.00429759692374888,0.00010288920114744036,0.004534066605755394,0.000997948085513778,0.0025783358265230173,0.0038651946015555026,8.534122914108669e-05,0.0041364438372079645,0.0009388183880036927,0.0030403655096124652,0.0035358993812086826,0.0002425865649270547,0.004390934860559931,0.000889884597594227,0.0026355142335576765,0.004001482866115907,0.0004134124875571684,0.004400521808964135,0.004420883257864095,0.0006858511754125604,0.005169996082902425
46,20240672,0.04421722487313169,0.06449142539810222,0.026740445688221055,0.028824043304889243,0.0294512943716775,0.03249967218969643,0.21769407524377404,0.19812237379952433,0.0024166798291585133,0.0010885159673238271,0.08556015687435692,0.001599535039616673,0.013769030936000197,0.002830101757211174,0.07524168497470289,0.009443338260501156,0.0049442006625025035,0.008766082327578709,0.00506071531268294,0.004912859144327479,0.004362034658148666,0.004206402144360565,0.0005751319952202866,0.0011412892804832156,0.004975126898343611,0.0008588338619716279,0.024662536988641046,0.005698731736378083,0.0066988527466062785,0.00561185589329117,0.006358241742246752,0.006412845874282992,0.0015753610047738252,0.004140452800073997,0.0054531200598695664,0.0006951516572810224,0.0026309744731652174,0.004048977519001983,0.0001412820368892321,0.004543821718770799,0.0009792918893452942,0.003028631089499072,0.004486577717676379,0.00010792731370773774,0.0044372759644425806,0.0008655136682829234,0.0025400311581703226,0.00395749132106382,0.00013575028340268177,0.004249332455295062,0.0008385374258950628,0.0024336602666753583,0.00436378704875131,0.00038195541098654104,0.004415574172641832,0.0044815925160197135,0.0010075697247071953,0.0048250195286577615
47,20240673,0.04457802541090956,0.06273288619657759,0.027441722203408233,0.029123598817093383,0.030672762810703053,0.03098365113794665,0.21752336781926593,0.2000055795807513,0.002298065966331237,0.0014957009415303242,0.08104908184836883,0.001971305539489288,0.014619922251725332,0.0037919144246076042,0.07459613358227002,0.008411490465377463,0.004857376296135967,0.009728595493618174,0.004816487985201388,0.0055080183772018045,0.004125132157598049,0.004069702367984964,0.000478802159880868,0.0016307257527437829,0.004776340616531934,0.0012433844236610068,0.02715000966759431,0.0048792899671330665,0.007127281741206479,0.005382995582777708,0.006401355889296159,0.006235771617101089,0.0016214985905721856,0.0034241596369226396,0.005439210339996882,0.0008414530519346993,0.0027995658735184233,0.004428509670408933,0.00023721160381061067,0.004568348054621892,0.0010363912679372618,0.0024168177425172364,0.004738069370234769,0.00014919628181837345,0.004606972445768466,0.0009308995423257662,0.003180439354334325,0.0035751983743469223,0.0002981348335392874,0.003981368380322458,0.0007856596881957118,0.00270206704127492,0.004369470979619396,0.000316581794061912,0.004112979728761035,0.004289227222544303,0.0006244790271734335,0.0048196110114156225
48,20240674,0.044781358679263014,0.065183428611534,0.02752389208858558,0.03025092040365671,0.03017947979536693,0.03056116716385956,0.21284989113176025,0.19825222769819834,0.00210112413213185,0.0009941663700939731,0.08453119325904895,0.0014906204218319225,0.014333085132991459,0.0024072220766945553,0.07722767043453922,0.010946507738503948,0.004512257152897964,0.00883295747026654,0.00437004464954123,0.004816706559673015,0.004329721301412213,0.0038781552773015713,0.0005565224024725161,0.0008749675086459434,0.0054020688747342055,0.001032993022975063,0.025653656036089455,0.005090167186241412,0.007420089129550185,0.00580309394940151,0.0063841579182102514,0.005551473400469547,0.0012465234146621308,0.004930020918282258,0.005280538785006255,0.0007724989661604032,0.0027451259839258086,0.004370910767004532,0.00037628867458837096,0.004943102345638344,0.0009180704016874784,0.003075290050159303,0.003909593164753948,0.00020496245336030605,0.004990262095042588,0.0008783286823698034,0.0024875800332939185,0.0034765880340264267,0.00034565027473087376,0.004680240454244039,0.0008230365048902646,0.001954618000503836,0.004235698373221387,0.0005160424754904663,0.004474965081318116,0.004647404746063042,0.0007324280969325117,0.004861244244700816
49,20240675,0.044720043830073046,0.06474437776722375,0.028483695630430968,0.029480053895866658,0.030097832453128293,0.03085699579651989,0.2146004892281777,0.19258437183340665,0.0023722323528842467,0.0013632140348733353,0.08338665975072247,0.001951532988278825,0.014335473781729752,0.003637981227036824,0.07791842526605632,0.00976059675260185,0.005239543644027525,0.009558486191330283,0.005295325175267971,0.005807106717039443,0.004492534728931325,0.0036691841478609243,0.0004757856300558425,0.0015218210556070411,0.005265810594646047,0.001118723367715367,0.02473666754753073,0.005288212982656694,0.0065570336200908045,0.0056943991026374,0.0059469028964284874,0.00626429929547469,0.001352144551414504,0.004159862669517114,0.005434044382236639,0.0007724787329457905,0.0027072418998024908,0.004732179845720981,0.0001545865197321389,0.004309505134507057,0.0009557043445597031,0.0026769330948022262,0.004737291913382201,0.00017666622021984008,0.0046665311647752904,0.000898447212827583,0.0029750598180663702,0.0038857143706529543,0.0002678539358013818,0.004241227379456355,0.0007494894560081191,0.0026815194615925314,0.00520669012240163,0.0004302067586051586,0.004618363796737727,0.004330098508557532,0.0006478981774401789,0.005006447241925296
50,20240676,0.04411384578706001,0.06673171763571357,0.028444019360033223,0.028430420100598295,0.029780461555687286,0.03129027541689974,0.21294716293045776,0.20319119141707676,0.0019691838869920326,0.001167194258206497,0.08282321213152578,0.0018351879068868365,0.015884381659485133,0.002248028710911452,0.0751334696090608,0.00940522941174823,0.004369239631440827,0.009296615222355043,0.004998372292352598,0.005371806798308993,0.0039520127318780855,0.003699121545779846,0.0005669203088312017,0.001217880844417799,0.0049342397119613675,0.0012695400193950496,0.024253181035669775,0.0051131856346181325,0.006809474656334531,0.006282118850762016,0.005901950776021377,0.007547697109023178,0.0018422195669277866,0.0034020501622718156,0.005255412992650407,0.0006939733600756578,0.002917533649563018,0.004638323062080181,0.0004129045651387646,0.0045407487363505255,0.0009653730602562896,0.0025709078072383637,0.004130676560938006,7.297035082321656e-05,0.0046048786907975465,0.0009015269862869997,0.002660922365019336,0.0038306156053760443,0.00025756651619662996,0.004174993205568405,0.0007837687697308347,0.002374428430208958,0.003949849215910405,0.0002827652875968001,0.003909861466618675,0.004419303849829477,0.0007549374801148275,0.004673149308937894
